[{"model": "contenttypes.contenttype", "pk": 1, "fields": {"app_label": "auth", "model": "permission"}}, {"model": "contenttypes.contenttype", "pk": 2, "fields": {"app_label": "auth", "model": "group"}}, {"model": "contenttypes.contenttype", "pk": 3, "fields": {"app_label": "contenttypes", "model": "contenttype"}}, {"model": "contenttypes.contenttype", "pk": 4, "fields": {"app_label": "sessions", "model": "session"}}, {"model": "contenttypes.contenttype", "pk": 5, "fields": {"app_label": "sites", "model": "site"}}, {"model": "contenttypes.contenttype", "pk": 6, "fields": {"app_label": "admin", "model": "logentry"}}, {"model": "contenttypes.contenttype", "pk": 7, "fields": {"app_label": "account", "model": "emailaddress"}}, {"model": "contenttypes.contenttype", "pk": 8, "fields": {"app_label": "account", "model": "emailconfirmation"}}, {"model": "contenttypes.contenttype", "pk": 9, "fields": {"app_label": "socialaccount", "model": "socialaccount"}}, {"model": "contenttypes.contenttype", "pk": 10, "fields": {"app_label": "socialaccount", "model": "socialapp"}}, {"model": "contenttypes.contenttype", "pk": 11, "fields": {"app_label": "socialaccount", "model": "socialtoken"}}, {"model": "contenttypes.contenttype", "pk": 12, "fields": {"app_label": "authtoken", "model": "token"}}, {"model": "contenttypes.contenttype", "pk": 13, "fields": {"app_label": "users", "model": "user"}}, {"model": "contenttypes.contenttype", "pk": 14, "fields": {"app_label": "users", "model": "clitoken"}}, {"model": "contenttypes.contenttype", "pk": 15, "fields": {"app_label": "sectests", "model": "sectest"}}, {"model": "contenttypes.contenttype", "pk": 16, "fields": {"app_label": "sectests", "model": "sectestsuite"}}, {"model": "contenttypes.contenttype", "pk": 17, "fields": {"app_label": "solutions", "model": "secsolution"}}, {"model": "contenttypes.contenttype", "pk": 18, "fields": {"app_label": "feedback", "model": "feedback"}}, {"model": "sessions.session", "pk": "32u88tlfby2deljas4bh5if8eb8cuwi8", "fields": {"session_data": "MTdlMmM4ZTZiNjNjMGU3MjUwYzQwNjBiMDQ0NzJkZjk5YWQzNWIwOTp7InNvY2lhbGFjY291bnRfc3RhdGUiOlt7InByb2Nlc3MiOiJsb2dpbiIsInNjb3BlIjoiIiwiYXV0aF9wYXJhbXMiOiIifSwiRmo0VWxRbGs4WXZkIl19", "expire_date": "2020-01-30T18:29:27.436Z"}}, {"model": "sessions.session", "pk": "3gpj0jdq0fjep5a0bmxclxat37nav1ee", "fields": {"session_data": "YmEwMWEzZGE1YmQ5MWFjY2IxMDk3YjQ1YThiMzQwM2Q0MzlkZjY0Zjp7Il9hdXRoX3VzZXJfaWQiOiJiZDU5YzdkMy0xNzJlLTQxMTUtOGMwMS02YzBlN2E2ZWI3ZjYiLCJfYXV0aF91c2VyX2JhY2tlbmQiOiJkamFuZ28uY29udHJpYi5hdXRoLmJhY2tlbmRzLk1vZGVsQmFja2VuZCIsIl9hdXRoX3VzZXJfaGFzaCI6ImNhZGQwNjFiNDZlNmFkOWQ1ZWQ4N2JhODM3ZDU1YzYyZjM4YzY5NTMifQ==", "expire_date": "2020-03-10T17:18:18.493Z"}}, {"model": "sessions.session", "pk": "407fb5c1bztgz0sarabrpv2kxasqqjml", "fields": {"session_data": "MGNlNjZjMmQxZDNjY2FiOTExZTM2NzM5MjJiMmMxZDFkMGM0ZjRjMTp7Il9hdXRoX3VzZXJfaWQiOiJiNzk4OTM5YS1lNGE0LTQyMDAtYWQ2Ny00OWI0ZTY3YmRjNjIiLCJfYXV0aF91c2VyX2JhY2tlbmQiOiJhbGxhdXRoLmFjY291bnQuYXV0aF9iYWNrZW5kcy5BdXRoZW50aWNhdGlvbkJhY2tlbmQiLCJfYXV0aF91c2VyX2hhc2giOiJhZjBkZGZlMzE5MjkxYTBiYzRhODkyYjQyYmRlMWQyYzg2ZmY4NmY1In0=", "expire_date": "2020-01-24T13:26:40.283Z"}}, {"model": "sessions.session", "pk": "9fz9hzfpt9bxhp7kps7heiquveg1mlwo", "fields": {"session_data": "ZjIzMTI5ZmJlNTMzMzg2OWVkYjFhZmE2ZjgzNDlhY2QxYTI4NzkwMTp7InNvY2lhbGFjY291bnRfc3RhdGUiOlt7InByb2Nlc3MiOiJsb2dpbiIsInNjb3BlIjoiIiwiYXV0aF9wYXJhbXMiOiIifSwid3F6c01UdmtXOFdHIl19", "expire_date": "2020-02-27T19:13:46.115Z"}}, {"model": "sessions.session", "pk": "9sxfzmjv1qehbr76qrgynvetymqe2o3t", "fields": {"session_data": "MGNlNjZjMmQxZDNjY2FiOTExZTM2NzM5MjJiMmMxZDFkMGM0ZjRjMTp7Il9hdXRoX3VzZXJfaWQiOiJiNzk4OTM5YS1lNGE0LTQyMDAtYWQ2Ny00OWI0ZTY3YmRjNjIiLCJfYXV0aF91c2VyX2JhY2tlbmQiOiJhbGxhdXRoLmFjY291bnQuYXV0aF9iYWNrZW5kcy5BdXRoZW50aWNhdGlvbkJhY2tlbmQiLCJfYXV0aF91c2VyX2hhc2giOiJhZjBkZGZlMzE5MjkxYTBiYzRhODkyYjQyYmRlMWQyYzg2ZmY4NmY1In0=", "expire_date": "2020-01-09T00:10:11.149Z"}}, {"model": "sessions.session", "pk": "bnv1f4t2nn7r0wx5fqp3hi08owep1hd1", "fields": {"session_data": "YmEwMWEzZGE1YmQ5MWFjY2IxMDk3YjQ1YThiMzQwM2Q0MzlkZjY0Zjp7Il9hdXRoX3VzZXJfaWQiOiJiZDU5YzdkMy0xNzJlLTQxMTUtOGMwMS02YzBlN2E2ZWI3ZjYiLCJfYXV0aF91c2VyX2JhY2tlbmQiOiJkamFuZ28uY29udHJpYi5hdXRoLmJhY2tlbmRzLk1vZGVsQmFja2VuZCIsIl9hdXRoX3VzZXJfaGFzaCI6ImNhZGQwNjFiNDZlNmFkOWQ1ZWQ4N2JhODM3ZDU1YzYyZjM4YzY5NTMifQ==", "expire_date": "2020-01-08T23:44:39.482Z"}}, {"model": "sessions.session", "pk": "h7v5q816n84m0x240to6xw4apxibym67", "fields": {"session_data": "MGNlNjZjMmQxZDNjY2FiOTExZTM2NzM5MjJiMmMxZDFkMGM0ZjRjMTp7Il9hdXRoX3VzZXJfaWQiOiJiNzk4OTM5YS1lNGE0LTQyMDAtYWQ2Ny00OWI0ZTY3YmRjNjIiLCJfYXV0aF91c2VyX2JhY2tlbmQiOiJhbGxhdXRoLmFjY291bnQuYXV0aF9iYWNrZW5kcy5BdXRoZW50aWNhdGlvbkJhY2tlbmQiLCJfYXV0aF91c2VyX2hhc2giOiJhZjBkZGZlMzE5MjkxYTBiYzRhODkyYjQyYmRlMWQyYzg2ZmY4NmY1In0=", "expire_date": "2020-02-27T19:17:18.291Z"}}, {"model": "sessions.session", "pk": "ln7dcuey4xzxxt1lrr6m04d1fg3vhyng", "fields": {"session_data": "NjBjMDc1YTdjZGZhZTJmYzJiMmE2NzliZmQxNGQwZDRiNWMwMWY4MTp7InNvY2lhbGFjY291bnRfc3RhdGUiOlt7InByb2Nlc3MiOiJsb2dpbiIsInNjb3BlIjoiIiwiYXV0aF9wYXJhbXMiOiIifSwieFo2Smx4amgxRnBuIl0sIl9hdXRoX3VzZXJfaWQiOiJiZDU5YzdkMy0xNzJlLTQxMTUtOGMwMS02YzBlN2E2ZWI3ZjYiLCJfYXV0aF91c2VyX2JhY2tlbmQiOiJkamFuZ28uY29udHJpYi5hdXRoLmJhY2tlbmRzLk1vZGVsQmFja2VuZCIsIl9hdXRoX3VzZXJfaGFzaCI6ImNhZGQwNjFiNDZlNmFkOWQ1ZWQ4N2JhODM3ZDU1YzYyZjM4YzY5NTMifQ==", "expire_date": "2020-02-27T19:15:19.805Z"}}, {"model": "sessions.session", "pk": "qxbuii09cybgkk6atuwtfthzmyc4i2oa", "fields": {"session_data": "MGNlNjZjMmQxZDNjY2FiOTExZTM2NzM5MjJiMmMxZDFkMGM0ZjRjMTp7Il9hdXRoX3VzZXJfaWQiOiJiNzk4OTM5YS1lNGE0LTQyMDAtYWQ2Ny00OWI0ZTY3YmRjNjIiLCJfYXV0aF91c2VyX2JhY2tlbmQiOiJhbGxhdXRoLmFjY291bnQuYXV0aF9iYWNrZW5kcy5BdXRoZW50aWNhdGlvbkJhY2tlbmQiLCJfYXV0aF91c2VyX2hhc2giOiJhZjBkZGZlMzE5MjkxYTBiYzRhODkyYjQyYmRlMWQyYzg2ZmY4NmY1In0=", "expire_date": "2020-01-30T18:32:10.430Z"}}, {"model": "sessions.session", "pk": "r29505p8y4j8ozjoovfcrghu68k3bedo", "fields": {"session_data": "YmEwMWEzZGE1YmQ5MWFjY2IxMDk3YjQ1YThiMzQwM2Q0MzlkZjY0Zjp7Il9hdXRoX3VzZXJfaWQiOiJiZDU5YzdkMy0xNzJlLTQxMTUtOGMwMS02YzBlN2E2ZWI3ZjYiLCJfYXV0aF91c2VyX2JhY2tlbmQiOiJkamFuZ28uY29udHJpYi5hdXRoLmJhY2tlbmRzLk1vZGVsQmFja2VuZCIsIl9hdXRoX3VzZXJfaGFzaCI6ImNhZGQwNjFiNDZlNmFkOWQ1ZWQ4N2JhODM3ZDU1YzYyZjM4YzY5NTMifQ==", "expire_date": "2020-03-08T11:50:32.276Z"}}, {"model": "sessions.session", "pk": "rbpj0ni1oz1p8cps7ojv1f44yu9ptcut", "fields": {"session_data": "ZDQzYTkzNmFjNzcxMzEzN2JlMTgxMmQ1MDQwNmNhNTZhYzZiZDVkNTp7ImFjY291bnRfdmVyaWZpZWRfZW1haWwiOm51bGwsImFjY291bnRfdXNlciI6ImI3OTg5MzlhZTRhNDQyMDBhZDY3NDliNGU2N2JkYzYyIiwiX2F1dGhfdXNlcl9pZCI6ImI3OTg5MzlhLWU0YTQtNDIwMC1hZDY3LTQ5YjRlNjdiZGM2MiIsIl9hdXRoX3VzZXJfYmFja2VuZCI6ImFsbGF1dGguYWNjb3VudC5hdXRoX2JhY2tlbmRzLkF1dGhlbnRpY2F0aW9uQmFja2VuZCIsIl9hdXRoX3VzZXJfaGFzaCI6ImFmMGRkZmUzMTkyOTFhMGJjNGE4OTJiNDJiZGUxZDJjODZmZjg2ZjUifQ==", "expire_date": "2020-01-05T20:29:06.248Z"}}, {"model": "sessions.session", "pk": "rlbl82i34bjl6usuaj5382mfbxi8i2ne", "fields": {"session_data": "NDdmMDBlNDBkNGZhODFiYWU0ZTNiZjI1ODM5MTYyMDBiZDg1MDJiYjp7InNvY2lhbGFjY291bnRfc3RhdGUiOlt7InByb2Nlc3MiOiJsb2dpbiIsInNjb3BlIjoiIiwiYXV0aF9wYXJhbXMiOiIifSwiWDFtN21vMjhrcWZyIl0sIl9zZXNzaW9uX2V4cGlyeSI6MCwiX2F1dGhfdXNlcl9pZCI6ImJkNTljN2QzLTE3MmUtNDExNS04YzAxLTZjMGU3YTZlYjdmNiIsIl9hdXRoX3VzZXJfYmFja2VuZCI6ImRqYW5nby5jb250cmliLmF1dGguYmFja2VuZHMuTW9kZWxCYWNrZW5kIiwiX2F1dGhfdXNlcl9oYXNoIjoiY2FkZDA2MWI0NmU2YWQ5ZDVlZDg3YmE4MzdkNTVjNjJmMzhjNjk1MyJ9", "expire_date": "2020-03-10T17:43:55.151Z"}}, {"model": "sites.site", "pk": 1, "fields": {"domain": "secureapi.dev", "name": "SecureAPI-Web"}}, {"model": "sectests.sectest", "pk": 1, "fields": {"created": "2019-12-22T20:42:19.600Z", "modified": "2019-12-22T20:42:19.600Z", "result": 1, "code": "SEC#0004", "suite": "bnvta9f69kfaeeiujdq0"}}, {"model": "sectests.sectest", "pk": 2, "fields": {"created": "2019-12-22T20:42:19.601Z", "modified": "2019-12-22T20:42:19.601Z", "result": 1, "code": "SEC#0002", "suite": "bnvta9f69kfaeeiujdq0"}}, {"model": "sectests.sectest", "pk": 3, "fields": {"created": "2019-12-22T20:42:19.601Z", "modified": "2019-12-22T20:42:19.601Z", "result": 1, "code": "SEC#0003", "suite": "bnvta9f69kfaeeiujdq0"}}, {"model": "sectests.sectest", "pk": 4, "fields": {"created": "2019-12-22T20:42:19.602Z", "modified": "2019-12-22T20:42:19.602Z", "result": 1, "code": "SEC#0001", "suite": "bnvta9f69kfaeeiujdq0"}}, {"model": "sectests.sectest", "pk": 5, "fields": {"created": "2019-12-22T20:45:00.754Z", "modified": "2019-12-22T20:45:00.754Z", "result": 1, "code": "SEC#0002", "suite": "bnvtbhv69kfahh3dd5e0"}}, {"model": "sectests.sectest", "pk": 6, "fields": {"created": "2019-12-22T20:45:00.754Z", "modified": "2019-12-22T20:45:00.754Z", "result": 1, "code": "SEC#0001", "suite": "bnvtbhv69kfahh3dd5e0"}}, {"model": "sectests.sectest", "pk": 7, "fields": {"created": "2019-12-22T20:45:00.754Z", "modified": "2019-12-22T20:45:00.754Z", "result": 1, "code": "SEC#0003", "suite": "bnvtbhv69kfahh3dd5e0"}}, {"model": "sectests.sectest", "pk": 8, "fields": {"created": "2019-12-22T20:45:00.754Z", "modified": "2019-12-22T20:45:00.754Z", "result": 1, "code": "SEC#0004", "suite": "bnvtbhv69kfahh3dd5e0"}}, {"model": "sectests.sectest", "pk": 9, "fields": {"created": "2019-12-25T23:56:07.554Z", "modified": "2019-12-25T23:56:07.554Z", "result": 1, "code": "SEC0004", "suite": "bo1ve4v69kf8bsr6ug00"}}, {"model": "sectests.sectest", "pk": 10, "fields": {"created": "2019-12-25T23:56:07.554Z", "modified": "2019-12-25T23:56:07.554Z", "result": 1, "code": "SEC0002", "suite": "bo1ve4v69kf8bsr6ug00"}}, {"model": "sectests.sectest", "pk": 11, "fields": {"created": "2019-12-25T23:56:07.554Z", "modified": "2019-12-25T23:56:07.554Z", "result": 1, "code": "SEC0001", "suite": "bo1ve4v69kf8bsr6ug00"}}, {"model": "sectests.sectest", "pk": 12, "fields": {"created": "2019-12-25T23:56:07.555Z", "modified": "2019-12-25T23:56:07.555Z", "result": 1, "code": "SEC0003", "suite": "bo1ve4v69kf8bsr6ug00"}}, {"model": "sectests.sectest", "pk": 13, "fields": {"created": "2020-01-04T22:08:10.056Z", "modified": "2020-01-04T22:08:10.056Z", "result": 1, "code": "SEC0002", "suite": "bo8gphf69kffoa5hl2t0"}}, {"model": "sectests.sectest", "pk": 14, "fields": {"created": "2020-01-04T22:08:10.057Z", "modified": "2020-01-04T22:08:10.057Z", "result": 1, "code": "SEC0001", "suite": "bo8gphf69kffoa5hl2t0"}}, {"model": "sectests.sectest", "pk": 15, "fields": {"created": "2020-01-04T22:11:49.082Z", "modified": "2020-01-04T22:11:49.082Z", "result": 1, "code": "SEC0001", "suite": "bo8gr8769kfcl26g4dig"}}, {"model": "sectests.sectest", "pk": 16, "fields": {"created": "2020-01-04T22:11:49.082Z", "modified": "2020-01-04T22:11:49.082Z", "result": 1, "code": "SEC0002", "suite": "bo8gr8769kfcl26g4dig"}}, {"model": "sectests.sectest", "pk": 17, "fields": {"created": "2020-01-04T22:12:18.358Z", "modified": "2020-01-04T22:12:18.358Z", "result": 1, "code": "SEC0002", "suite": "bo8grfn69kfdjeuko3og"}}, {"model": "sectests.sectest", "pk": 18, "fields": {"created": "2020-01-04T22:12:18.358Z", "modified": "2020-01-04T22:12:18.358Z", "result": 1, "code": "SEC0001", "suite": "bo8grfn69kfdjeuko3og"}}, {"model": "sectests.sectest", "pk": 19, "fields": {"created": "2020-01-04T22:20:45.762Z", "modified": "2020-01-04T22:20:45.762Z", "result": 1, "code": "SEC0002", "suite": "bo8gvef69kf87p6olbi0"}}, {"model": "sectests.sectest", "pk": 20, "fields": {"created": "2020-01-04T22:20:45.763Z", "modified": "2020-01-04T22:20:45.763Z", "result": 1, "code": "SEC0001", "suite": "bo8gvef69kf87p6olbi0"}}, {"model": "sectests.sectest", "pk": 21, "fields": {"created": "2020-01-16T18:33:42.176Z", "modified": "2020-01-16T18:33:42.176Z", "result": 1, "code": "SEC0002", "suite": "bogap0f69kfafvh5lpag"}}, {"model": "sectests.sectest", "pk": 22, "fields": {"created": "2020-01-16T18:33:42.177Z", "modified": "2020-01-16T18:33:42.177Z", "result": 1, "code": "SEC0001", "suite": "bogap0f69kfafvh5lpag"}}, {"model": "sectests.sectest", "pk": 23, "fields": {"created": "2020-02-21T20:19:05.111Z", "modified": "2020-02-21T20:19:05.111Z", "result": 1, "code": "SEC0002", "suite": "bp83me769kffcqdmeb80"}}, {"model": "sectests.sectest", "pk": 24, "fields": {"created": "2020-02-21T20:19:05.111Z", "modified": "2020-02-21T20:19:05.111Z", "result": 1, "code": "SEC0001", "suite": "bp83me769kffcqdmeb80"}}, {"model": "sectests.sectest", "pk": 25, "fields": {"created": "2020-02-21T20:19:05.111Z", "modified": "2020-02-21T20:19:05.111Z", "result": 1, "code": "SEC0003", "suite": "bp83me769kffcqdmeb80"}}, {"model": "sectests.sectest", "pk": 26, "fields": {"created": "2020-02-21T20:19:05.112Z", "modified": "2020-02-21T20:19:05.112Z", "result": 1, "code": "SEC0004", "suite": "bp83me769kffcqdmeb80"}}, {"model": "sectests.sectest", "pk": 27, "fields": {"created": "2020-02-21T20:19:05.114Z", "modified": "2020-02-21T20:19:05.114Z", "result": 0, "code": "SEC0005", "suite": "bp83me769kffcqdmeb80"}}, {"model": "sectests.sectest", "pk": 28, "fields": {"created": "2020-02-21T20:22:18.507Z", "modified": "2020-02-21T20:22:18.507Z", "result": 0, "code": "SEC0005", "suite": "bp83nun69kf9aajoqusg"}}, {"model": "sectests.sectest", "pk": 29, "fields": {"created": "2020-02-21T20:22:18.507Z", "modified": "2020-02-21T20:22:18.507Z", "result": 1, "code": "SEC0003", "suite": "bp83nun69kf9aajoqusg"}}, {"model": "sectests.sectest", "pk": 30, "fields": {"created": "2020-02-21T20:22:18.508Z", "modified": "2020-02-21T20:22:18.508Z", "result": 1, "code": "SEC0004", "suite": "bp83nun69kf9aajoqusg"}}, {"model": "sectests.sectest", "pk": 31, "fields": {"created": "2020-02-21T20:22:18.508Z", "modified": "2020-02-21T20:22:18.508Z", "result": 1, "code": "SEC0002", "suite": "bp83nun69kf9aajoqusg"}}, {"model": "sectests.sectest", "pk": 32, "fields": {"created": "2020-02-21T20:22:18.508Z", "modified": "2020-02-21T20:22:18.508Z", "result": 1, "code": "SEC0001", "suite": "bp83nun69kf9aajoqusg"}}, {"model": "sectests.sectest", "pk": 33, "fields": {"created": "2020-02-21T20:24:32.796Z", "modified": "2020-02-21T20:24:32.796Z", "result": 1, "code": "SEC0009", "suite": "bp83p0769kfa3fp333s0"}}, {"model": "sectests.sectest", "pk": 34, "fields": {"created": "2020-02-21T20:24:32.796Z", "modified": "2020-02-21T20:24:32.796Z", "result": 1, "code": "SEC0001", "suite": "bp83p0769kfa3fp333s0"}}, {"model": "sectests.sectest", "pk": 35, "fields": {"created": "2020-02-21T20:24:32.797Z", "modified": "2020-02-21T20:24:32.797Z", "result": 1, "code": "SEC0002", "suite": "bp83p0769kfa3fp333s0"}}, {"model": "sectests.sectest", "pk": 36, "fields": {"created": "2020-02-21T20:24:32.797Z", "modified": "2020-02-21T20:24:32.797Z", "result": 1, "code": "SEC0003", "suite": "bp83p0769kfa3fp333s0"}}, {"model": "sectests.sectest", "pk": 37, "fields": {"created": "2020-02-21T20:24:32.797Z", "modified": "2020-02-21T20:24:32.797Z", "result": 1, "code": "SEC0004", "suite": "bp83p0769kfa3fp333s0"}}, {"model": "sectests.sectest", "pk": 38, "fields": {"created": "2020-02-21T20:24:32.797Z", "modified": "2020-02-21T20:24:32.797Z", "result": 0, "code": "SEC0005", "suite": "bp83p0769kfa3fp333s0"}}, {"model": "sectests.sectest", "pk": 39, "fields": {"created": "2020-02-21T20:24:32.797Z", "modified": "2020-02-21T20:24:32.797Z", "result": 1, "code": "SEC0007", "suite": "bp83p0769kfa3fp333s0"}}, {"model": "sectests.sectest", "pk": 40, "fields": {"created": "2020-02-21T20:24:32.797Z", "modified": "2020-02-21T20:24:32.797Z", "result": 0, "code": "SEC0006", "suite": "bp83p0769kfa3fp333s0"}}, {"model": "sectests.sectest", "pk": 41, "fields": {"created": "2020-02-21T20:24:32.797Z", "modified": "2020-02-21T20:24:32.797Z", "result": 1, "code": "SEC0008", "suite": "bp83p0769kfa3fp333s0"}}, {"model": "sectests.sectest", "pk": 42, "fields": {"created": "2020-02-21T20:25:56.252Z", "modified": "2020-02-21T20:25:56.252Z", "result": 1, "code": "SEC0009", "suite": "bp83pkv69kfaj78kmrq0"}}, {"model": "sectests.sectest", "pk": 43, "fields": {"created": "2020-02-21T20:25:56.252Z", "modified": "2020-02-21T20:25:56.252Z", "result": 1, "code": "SEC0008", "suite": "bp83pkv69kfaj78kmrq0"}}, {"model": "sectests.sectest", "pk": 44, "fields": {"created": "2020-02-21T20:25:56.253Z", "modified": "2020-02-21T20:25:56.253Z", "result": 0, "code": "SEC0006", "suite": "bp83pkv69kfaj78kmrq0"}}, {"model": "sectests.sectest", "pk": 45, "fields": {"created": "2020-02-21T20:25:56.253Z", "modified": "2020-02-21T20:25:56.253Z", "result": 1, "code": "SEC0007", "suite": "bp83pkv69kfaj78kmrq0"}}, {"model": "sectests.sectest", "pk": 46, "fields": {"created": "2020-02-21T20:25:56.253Z", "modified": "2020-02-21T20:25:56.253Z", "result": 1, "code": "SEC0002", "suite": "bp83pkv69kfaj78kmrq0"}}, {"model": "sectests.sectest", "pk": 47, "fields": {"created": "2020-02-21T20:25:56.253Z", "modified": "2020-02-21T20:25:56.253Z", "result": 1, "code": "SEC0001", "suite": "bp83pkv69kfaj78kmrq0"}}, {"model": "sectests.sectest", "pk": 48, "fields": {"created": "2020-02-21T20:25:56.253Z", "modified": "2020-02-21T20:25:56.253Z", "result": 1, "code": "SEC0003", "suite": "bp83pkv69kfaj78kmrq0"}}, {"model": "sectests.sectest", "pk": 49, "fields": {"created": "2020-02-21T20:25:56.253Z", "modified": "2020-02-21T20:25:56.253Z", "result": 1, "code": "SEC0004", "suite": "bp83pkv69kfaj78kmrq0"}}, {"model": "sectests.sectest", "pk": 50, "fields": {"created": "2020-02-21T20:25:56.253Z", "modified": "2020-02-21T20:25:56.253Z", "result": 0, "code": "SEC0005", "suite": "bp83pkv69kfaj78kmrq0"}}, {"model": "sectests.sectest", "pk": 51, "fields": {"created": "2020-02-21T20:29:52.387Z", "modified": "2020-02-21T20:29:52.387Z", "result": 1, "code": "SEC0009", "suite": "bp83rfv69kfbreicnp9g"}}, {"model": "sectests.sectest", "pk": 52, "fields": {"created": "2020-02-21T20:29:52.388Z", "modified": "2020-02-21T20:29:52.388Z", "result": 1, "code": "SEC0001", "suite": "bp83rfv69kfbreicnp9g"}}, {"model": "sectests.sectest", "pk": 53, "fields": {"created": "2020-02-21T20:29:52.388Z", "modified": "2020-02-21T20:29:52.388Z", "result": 1, "code": "SEC0002", "suite": "bp83rfv69kfbreicnp9g"}}, {"model": "sectests.sectest", "pk": 54, "fields": {"created": "2020-02-21T20:29:52.388Z", "modified": "2020-02-21T20:29:52.388Z", "result": 1, "code": "SEC0003", "suite": "bp83rfv69kfbreicnp9g"}}, {"model": "sectests.sectest", "pk": 55, "fields": {"created": "2020-02-21T20:29:52.388Z", "modified": "2020-02-21T20:29:52.388Z", "result": 1, "code": "SEC0004", "suite": "bp83rfv69kfbreicnp9g"}}, {"model": "sectests.sectest", "pk": 56, "fields": {"created": "2020-02-21T20:29:52.388Z", "modified": "2020-02-21T20:29:52.388Z", "result": 0, "code": "SEC0005", "suite": "bp83rfv69kfbreicnp9g"}}, {"model": "sectests.sectest", "pk": 57, "fields": {"created": "2020-02-21T20:29:52.388Z", "modified": "2020-02-21T20:29:52.388Z", "result": 0, "code": "SEC0006", "suite": "bp83rfv69kfbreicnp9g"}}, {"model": "sectests.sectest", "pk": 58, "fields": {"created": "2020-02-21T20:29:52.388Z", "modified": "2020-02-21T20:29:52.388Z", "result": 1, "code": "SEC0007", "suite": "bp83rfv69kfbreicnp9g"}}, {"model": "sectests.sectest", "pk": 59, "fields": {"created": "2020-02-21T20:29:52.388Z", "modified": "2020-02-21T20:29:52.388Z", "result": 1, "code": "SEC0008", "suite": "bp83rfv69kfbreicnp9g"}}, {"model": "sectests.sectest", "pk": 60, "fields": {"created": "2020-02-21T20:30:14.437Z", "modified": "2020-02-21T20:30:14.437Z", "result": 1, "code": "SEC0009", "suite": "bp83rln69kfc4oegmh6g"}}, {"model": "sectests.sectest", "pk": 61, "fields": {"created": "2020-02-21T20:30:14.437Z", "modified": "2020-02-21T20:30:14.437Z", "result": 1, "code": "SEC0001", "suite": "bp83rln69kfc4oegmh6g"}}, {"model": "sectests.sectest", "pk": 62, "fields": {"created": "2020-02-21T20:30:14.437Z", "modified": "2020-02-21T20:30:14.437Z", "result": 1, "code": "SEC0002", "suite": "bp83rln69kfc4oegmh6g"}}, {"model": "sectests.sectest", "pk": 63, "fields": {"created": "2020-02-21T20:30:14.437Z", "modified": "2020-02-21T20:30:14.437Z", "result": 1, "code": "SEC0003", "suite": "bp83rln69kfc4oegmh6g"}}, {"model": "sectests.sectest", "pk": 64, "fields": {"created": "2020-02-21T20:30:14.437Z", "modified": "2020-02-21T20:30:14.437Z", "result": 1, "code": "SEC0004", "suite": "bp83rln69kfc4oegmh6g"}}, {"model": "sectests.sectest", "pk": 65, "fields": {"created": "2020-02-21T20:30:14.437Z", "modified": "2020-02-21T20:30:14.437Z", "result": 0, "code": "SEC0005", "suite": "bp83rln69kfc4oegmh6g"}}, {"model": "sectests.sectest", "pk": 66, "fields": {"created": "2020-02-21T20:30:14.437Z", "modified": "2020-02-21T20:30:14.437Z", "result": 0, "code": "SEC0006", "suite": "bp83rln69kfc4oegmh6g"}}, {"model": "sectests.sectest", "pk": 67, "fields": {"created": "2020-02-21T20:30:14.437Z", "modified": "2020-02-21T20:30:14.437Z", "result": 1, "code": "SEC0007", "suite": "bp83rln69kfc4oegmh6g"}}, {"model": "sectests.sectest", "pk": 68, "fields": {"created": "2020-02-21T20:30:14.437Z", "modified": "2020-02-21T20:30:14.437Z", "result": 1, "code": "SEC0008", "suite": "bp83rln69kfc4oegmh6g"}}, {"model": "sectests.sectest", "pk": 69, "fields": {"created": "2020-02-21T20:30:54.456Z", "modified": "2020-02-21T20:30:54.456Z", "result": 1, "code": "SEC0009", "suite": "bp83rvf69kfcbg7mo150"}}, {"model": "sectests.sectest", "pk": 70, "fields": {"created": "2020-02-21T20:30:54.457Z", "modified": "2020-02-21T20:30:54.457Z", "result": 1, "code": "SEC0001", "suite": "bp83rvf69kfcbg7mo150"}}, {"model": "sectests.sectest", "pk": 71, "fields": {"created": "2020-02-21T20:30:54.457Z", "modified": "2020-02-21T20:30:54.457Z", "result": 1, "code": "SEC0002", "suite": "bp83rvf69kfcbg7mo150"}}, {"model": "sectests.sectest", "pk": 72, "fields": {"created": "2020-02-21T20:30:54.457Z", "modified": "2020-02-21T20:30:54.457Z", "result": 1, "code": "SEC0007", "suite": "bp83rvf69kfcbg7mo150"}}, {"model": "sectests.sectest", "pk": 73, "fields": {"created": "2020-02-21T20:30:54.457Z", "modified": "2020-02-21T20:30:54.457Z", "result": 1, "code": "SEC0003", "suite": "bp83rvf69kfcbg7mo150"}}, {"model": "sectests.sectest", "pk": 74, "fields": {"created": "2020-02-21T20:30:54.457Z", "modified": "2020-02-21T20:30:54.457Z", "result": 0, "code": "SEC0006", "suite": "bp83rvf69kfcbg7mo150"}}, {"model": "sectests.sectest", "pk": 75, "fields": {"created": "2020-02-21T20:30:54.457Z", "modified": "2020-02-21T20:30:54.457Z", "result": 1, "code": "SEC0008", "suite": "bp83rvf69kfcbg7mo150"}}, {"model": "sectests.sectest", "pk": 76, "fields": {"created": "2020-02-21T20:30:54.457Z", "modified": "2020-02-21T20:30:54.457Z", "result": 1, "code": "SEC0004", "suite": "bp83rvf69kfcbg7mo150"}}, {"model": "sectests.sectest", "pk": 77, "fields": {"created": "2020-02-21T20:30:54.457Z", "modified": "2020-02-21T20:30:54.457Z", "result": 0, "code": "SEC0005", "suite": "bp83rvf69kfcbg7mo150"}}, {"model": "sectests.sectest", "pk": 78, "fields": {"created": "2020-02-21T20:31:16.912Z", "modified": "2020-02-21T20:31:16.912Z", "result": 1, "code": "SEC0009", "suite": "bp83s5769kfckle87dug"}}, {"model": "sectests.sectest", "pk": 79, "fields": {"created": "2020-02-21T20:31:16.913Z", "modified": "2020-02-21T20:31:16.913Z", "result": 1, "code": "SEC0001", "suite": "bp83s5769kfckle87dug"}}, {"model": "sectests.sectest", "pk": 80, "fields": {"created": "2020-02-21T20:31:16.913Z", "modified": "2020-02-21T20:31:16.913Z", "result": 1, "code": "SEC0002", "suite": "bp83s5769kfckle87dug"}}, {"model": "sectests.sectest", "pk": 81, "fields": {"created": "2020-02-21T20:31:16.913Z", "modified": "2020-02-21T20:31:16.913Z", "result": 0, "code": "SEC0006", "suite": "bp83s5769kfckle87dug"}}, {"model": "sectests.sectest", "pk": 82, "fields": {"created": "2020-02-21T20:31:16.913Z", "modified": "2020-02-21T20:31:16.913Z", "result": 1, "code": "SEC0003", "suite": "bp83s5769kfckle87dug"}}, {"model": "sectests.sectest", "pk": 83, "fields": {"created": "2020-02-21T20:31:16.913Z", "modified": "2020-02-21T20:31:16.913Z", "result": 1, "code": "SEC0004", "suite": "bp83s5769kfckle87dug"}}, {"model": "sectests.sectest", "pk": 84, "fields": {"created": "2020-02-21T20:31:16.913Z", "modified": "2020-02-21T20:31:16.913Z", "result": 0, "code": "SEC0005", "suite": "bp83s5769kfckle87dug"}}, {"model": "sectests.sectest", "pk": 85, "fields": {"created": "2020-02-21T20:31:16.913Z", "modified": "2020-02-21T20:31:16.913Z", "result": 1, "code": "SEC0007", "suite": "bp83s5769kfckle87dug"}}, {"model": "sectests.sectest", "pk": 86, "fields": {"created": "2020-02-21T20:31:16.913Z", "modified": "2020-02-21T20:31:16.913Z", "result": 1, "code": "SEC0008", "suite": "bp83s5769kfckle87dug"}}, {"model": "sectests.sectest", "pk": 87, "fields": {"created": "2020-02-21T20:31:33.910Z", "modified": "2020-02-21T20:31:33.910Z", "result": 1, "code": "SEC0009", "suite": "bp83s9f69kfcgc97fik0"}}, {"model": "sectests.sectest", "pk": 88, "fields": {"created": "2020-02-21T20:31:33.910Z", "modified": "2020-02-21T20:31:33.910Z", "result": 1, "code": "SEC0001", "suite": "bp83s9f69kfcgc97fik0"}}, {"model": "sectests.sectest", "pk": 89, "fields": {"created": "2020-02-21T20:31:33.915Z", "modified": "2020-02-21T20:31:33.915Z", "result": 1, "code": "SEC0002", "suite": "bp83s9f69kfcgc97fik0"}}, {"model": "sectests.sectest", "pk": 90, "fields": {"created": "2020-02-21T20:31:33.915Z", "modified": "2020-02-21T20:31:33.915Z", "result": 1, "code": "SEC0003", "suite": "bp83s9f69kfcgc97fik0"}}, {"model": "sectests.sectest", "pk": 91, "fields": {"created": "2020-02-21T20:31:33.916Z", "modified": "2020-02-21T20:31:33.916Z", "result": 1, "code": "SEC0004", "suite": "bp83s9f69kfcgc97fik0"}}, {"model": "sectests.sectest", "pk": 92, "fields": {"created": "2020-02-21T20:31:33.916Z", "modified": "2020-02-21T20:31:33.916Z", "result": 0, "code": "SEC0005", "suite": "bp83s9f69kfcgc97fik0"}}, {"model": "sectests.sectest", "pk": 93, "fields": {"created": "2020-02-21T20:31:33.917Z", "modified": "2020-02-21T20:31:33.917Z", "result": 0, "code": "SEC0006", "suite": "bp83s9f69kfcgc97fik0"}}, {"model": "sectests.sectest", "pk": 94, "fields": {"created": "2020-02-21T20:31:33.917Z", "modified": "2020-02-21T20:31:33.917Z", "result": 1, "code": "SEC0007", "suite": "bp83s9f69kfcgc97fik0"}}, {"model": "sectests.sectest", "pk": 95, "fields": {"created": "2020-02-21T20:31:33.917Z", "modified": "2020-02-21T20:31:33.917Z", "result": 1, "code": "SEC0008", "suite": "bp83s9f69kfcgc97fik0"}}, {"model": "sectests.sectest", "pk": 96, "fields": {"created": "2020-02-21T20:39:03.575Z", "modified": "2020-02-21T20:39:03.575Z", "result": 1, "code": "SEC0009", "suite": "bp83vpv69kfffm1tt6eg"}}, {"model": "sectests.sectest", "pk": 97, "fields": {"created": "2020-02-21T20:39:03.576Z", "modified": "2020-02-21T20:39:03.576Z", "result": 1, "code": "SEC0001", "suite": "bp83vpv69kfffm1tt6eg"}}, {"model": "sectests.sectest", "pk": 98, "fields": {"created": "2020-02-21T20:39:03.576Z", "modified": "2020-02-21T20:39:03.576Z", "result": 1, "code": "SEC0002", "suite": "bp83vpv69kfffm1tt6eg"}}, {"model": "sectests.sectest", "pk": 99, "fields": {"created": "2020-02-21T20:39:03.577Z", "modified": "2020-02-21T20:39:03.577Z", "result": 1, "code": "SEC0003", "suite": "bp83vpv69kfffm1tt6eg"}}, {"model": "sectests.sectest", "pk": 100, "fields": {"created": "2020-02-21T20:39:03.577Z", "modified": "2020-02-21T20:39:03.577Z", "result": 1, "code": "SEC0004", "suite": "bp83vpv69kfffm1tt6eg"}}, {"model": "sectests.sectest", "pk": 101, "fields": {"created": "2020-02-21T20:39:03.578Z", "modified": "2020-02-21T20:39:03.578Z", "result": 0, "code": "SEC0005", "suite": "bp83vpv69kfffm1tt6eg"}}, {"model": "sectests.sectest", "pk": 102, "fields": {"created": "2020-02-21T20:39:03.578Z", "modified": "2020-02-21T20:39:03.578Z", "result": 0, "code": "SEC0006", "suite": "bp83vpv69kfffm1tt6eg"}}, {"model": "sectests.sectest", "pk": 103, "fields": {"created": "2020-02-21T20:39:03.578Z", "modified": "2020-02-21T20:39:03.578Z", "result": 1, "code": "SEC0007", "suite": "bp83vpv69kfffm1tt6eg"}}, {"model": "sectests.sectest", "pk": 104, "fields": {"created": "2020-02-21T20:39:03.581Z", "modified": "2020-02-21T20:39:03.581Z", "result": 1, "code": "SEC0008", "suite": "bp83vpv69kfffm1tt6eg"}}, {"model": "sectests.sectest", "pk": 105, "fields": {"created": "2020-02-21T20:39:19.010Z", "modified": "2020-02-21T20:39:19.010Z", "result": 1, "code": "SEC0009", "suite": "bp83vtn69kffdtvh7av0"}}, {"model": "sectests.sectest", "pk": 106, "fields": {"created": "2020-02-21T20:39:19.011Z", "modified": "2020-02-21T20:39:19.011Z", "result": 1, "code": "SEC0003", "suite": "bp83vtn69kffdtvh7av0"}}, {"model": "sectests.sectest", "pk": 107, "fields": {"created": "2020-02-21T20:39:19.012Z", "modified": "2020-02-21T20:39:19.012Z", "result": 1, "code": "SEC0004", "suite": "bp83vtn69kffdtvh7av0"}}, {"model": "sectests.sectest", "pk": 108, "fields": {"created": "2020-02-21T20:39:19.013Z", "modified": "2020-02-21T20:39:19.013Z", "result": 1, "code": "SEC0002", "suite": "bp83vtn69kffdtvh7av0"}}, {"model": "sectests.sectest", "pk": 109, "fields": {"created": "2020-02-21T20:39:19.013Z", "modified": "2020-02-21T20:39:19.013Z", "result": 1, "code": "SEC0007", "suite": "bp83vtn69kffdtvh7av0"}}, {"model": "sectests.sectest", "pk": 110, "fields": {"created": "2020-02-21T20:39:19.014Z", "modified": "2020-02-21T20:39:19.014Z", "result": 1, "code": "SEC0008", "suite": "bp83vtn69kffdtvh7av0"}}, {"model": "sectests.sectest", "pk": 111, "fields": {"created": "2020-02-21T20:39:19.014Z", "modified": "2020-02-21T20:39:19.014Z", "result": 1, "code": "SEC0001", "suite": "bp83vtn69kffdtvh7av0"}}, {"model": "sectests.sectest", "pk": 112, "fields": {"created": "2020-02-21T20:39:19.014Z", "modified": "2020-02-21T20:39:19.014Z", "result": 0, "code": "SEC0006", "suite": "bp83vtn69kffdtvh7av0"}}, {"model": "sectests.sectest", "pk": 113, "fields": {"created": "2020-02-21T20:39:19.015Z", "modified": "2020-02-21T20:39:19.015Z", "result": 0, "code": "SEC0005", "suite": "bp83vtn69kffdtvh7av0"}}, {"model": "sectests.sectest", "pk": 114, "fields": {"created": "2020-02-21T21:07:09.607Z", "modified": "2020-02-21T21:07:09.607Z", "result": 1, "code": "SEC0009", "suite": "bp84cv769kf8cr2pqnvg"}}, {"model": "sectests.sectest", "pk": 115, "fields": {"created": "2020-02-21T21:07:09.608Z", "modified": "2020-02-21T21:07:09.608Z", "result": 1, "code": "SEC0004", "suite": "bp84cv769kf8cr2pqnvg"}}, {"model": "sectests.sectest", "pk": 116, "fields": {"created": "2020-02-21T21:07:09.608Z", "modified": "2020-02-21T21:07:09.608Z", "result": 1, "code": "SEC0003", "suite": "bp84cv769kf8cr2pqnvg"}}, {"model": "sectests.sectest", "pk": 117, "fields": {"created": "2020-02-21T21:07:09.609Z", "modified": "2020-02-21T21:07:09.609Z", "result": 0, "code": "SEC0005", "suite": "bp84cv769kf8cr2pqnvg"}}, {"model": "sectests.sectest", "pk": 118, "fields": {"created": "2020-02-21T21:07:09.609Z", "modified": "2020-02-21T21:07:09.609Z", "result": 1, "code": "SEC0002", "suite": "bp84cv769kf8cr2pqnvg"}}, {"model": "sectests.sectest", "pk": 119, "fields": {"created": "2020-02-21T21:07:09.609Z", "modified": "2020-02-21T21:07:09.609Z", "result": 0, "code": "SEC0006", "suite": "bp84cv769kf8cr2pqnvg"}}, {"model": "sectests.sectest", "pk": 120, "fields": {"created": "2020-02-21T21:07:09.610Z", "modified": "2020-02-21T21:07:09.610Z", "result": 1, "code": "SEC0007", "suite": "bp84cv769kf8cr2pqnvg"}}, {"model": "sectests.sectest", "pk": 121, "fields": {"created": "2020-02-21T21:07:09.610Z", "modified": "2020-02-21T21:07:09.610Z", "result": 1, "code": "SEC0008", "suite": "bp84cv769kf8cr2pqnvg"}}, {"model": "sectests.sectest", "pk": 122, "fields": {"created": "2020-02-21T21:07:09.610Z", "modified": "2020-02-21T21:07:09.610Z", "result": 1, "code": "SEC0001", "suite": "bp84cv769kf8cr2pqnvg"}}, {"model": "sectests.sectest", "pk": 123, "fields": {"created": "2020-02-21T21:11:15.245Z", "modified": "2020-02-21T21:11:15.245Z", "result": 1, "code": "SEC0009", "suite": "bp84esn69kfan1ftrpig"}}, {"model": "sectests.sectest", "pk": 124, "fields": {"created": "2020-02-21T21:11:15.245Z", "modified": "2020-02-21T21:11:15.245Z", "result": 1, "code": "SEC0001", "suite": "bp84esn69kfan1ftrpig"}}, {"model": "sectests.sectest", "pk": 125, "fields": {"created": "2020-02-21T21:11:15.246Z", "modified": "2020-02-21T21:11:15.246Z", "result": 1, "code": "SEC0002", "suite": "bp84esn69kfan1ftrpig"}}, {"model": "sectests.sectest", "pk": 126, "fields": {"created": "2020-02-21T21:11:15.246Z", "modified": "2020-02-21T21:11:15.246Z", "result": 0, "code": "SEC0006", "suite": "bp84esn69kfan1ftrpig"}}, {"model": "sectests.sectest", "pk": 127, "fields": {"created": "2020-02-21T21:11:15.247Z", "modified": "2020-02-21T21:11:15.247Z", "result": 1, "code": "SEC0008", "suite": "bp84esn69kfan1ftrpig"}}, {"model": "sectests.sectest", "pk": 128, "fields": {"created": "2020-02-21T21:11:15.247Z", "modified": "2020-02-21T21:11:15.247Z", "result": 1, "code": "SEC0007", "suite": "bp84esn69kfan1ftrpig"}}, {"model": "sectests.sectest", "pk": 129, "fields": {"created": "2020-02-21T21:11:15.247Z", "modified": "2020-02-21T21:11:15.247Z", "result": 1, "code": "SEC0004", "suite": "bp84esn69kfan1ftrpig"}}, {"model": "sectests.sectest", "pk": 130, "fields": {"created": "2020-02-21T21:11:15.248Z", "modified": "2020-02-21T21:11:15.248Z", "result": 0, "code": "SEC0005", "suite": "bp84esn69kfan1ftrpig"}}, {"model": "sectests.sectest", "pk": 131, "fields": {"created": "2020-02-21T21:11:15.248Z", "modified": "2020-02-21T21:11:15.248Z", "result": 1, "code": "SEC0003", "suite": "bp84esn69kfan1ftrpig"}}, {"model": "sectests.sectest", "pk": 132, "fields": {"created": "2020-02-21T21:12:27.521Z", "modified": "2020-02-21T21:12:27.521Z", "result": 1, "code": "SEC0009", "suite": "bp84fen69kfar5r41s0g"}}, {"model": "sectests.sectest", "pk": 133, "fields": {"created": "2020-02-21T21:12:27.521Z", "modified": "2020-02-21T21:12:27.521Z", "result": 0, "code": "SEC0005", "suite": "bp84fen69kfar5r41s0g"}}, {"model": "sectests.sectest", "pk": 134, "fields": {"created": "2020-02-21T21:12:27.522Z", "modified": "2020-02-21T21:12:27.522Z", "result": 1, "code": "SEC0001", "suite": "bp84fen69kfar5r41s0g"}}, {"model": "sectests.sectest", "pk": 135, "fields": {"created": "2020-02-21T21:12:27.522Z", "modified": "2020-02-21T21:12:27.522Z", "result": 1, "code": "SEC0002", "suite": "bp84fen69kfar5r41s0g"}}, {"model": "sectests.sectest", "pk": 136, "fields": {"created": "2020-02-21T21:12:27.525Z", "modified": "2020-02-21T21:12:27.525Z", "result": 0, "code": "SEC0006", "suite": "bp84fen69kfar5r41s0g"}}, {"model": "sectests.sectest", "pk": 137, "fields": {"created": "2020-02-21T21:12:27.532Z", "modified": "2020-02-21T21:12:27.532Z", "result": 1, "code": "SEC0007", "suite": "bp84fen69kfar5r41s0g"}}, {"model": "sectests.sectest", "pk": 138, "fields": {"created": "2020-02-21T21:12:27.532Z", "modified": "2020-02-21T21:12:27.532Z", "result": 1, "code": "SEC0008", "suite": "bp84fen69kfar5r41s0g"}}, {"model": "sectests.sectest", "pk": 139, "fields": {"created": "2020-02-21T21:12:27.532Z", "modified": "2020-02-21T21:12:27.532Z", "result": 1, "code": "SEC0003", "suite": "bp84fen69kfar5r41s0g"}}, {"model": "sectests.sectest", "pk": 140, "fields": {"created": "2020-02-21T21:12:27.533Z", "modified": "2020-02-21T21:12:27.533Z", "result": 1, "code": "SEC0004", "suite": "bp84fen69kfar5r41s0g"}}, {"model": "sectests.sectest", "pk": 141, "fields": {"created": "2020-02-23T12:37:08.258Z", "modified": "2020-02-23T12:37:08.258Z", "result": 1, "code": "SEC0009", "suite": "bp973rn69kf80n1rs780"}}, {"model": "sectests.sectest", "pk": 142, "fields": {"created": "2020-02-23T12:37:08.258Z", "modified": "2020-02-23T12:37:08.258Z", "result": 1, "code": "SEC0002", "suite": "bp973rn69kf80n1rs780"}}, {"model": "sectests.sectest", "pk": 143, "fields": {"created": "2020-02-23T12:37:08.258Z", "modified": "2020-02-23T12:37:08.258Z", "result": 1, "code": "SEC0003", "suite": "bp973rn69kf80n1rs780"}}, {"model": "sectests.sectest", "pk": 144, "fields": {"created": "2020-02-23T12:37:08.258Z", "modified": "2020-02-23T12:37:08.258Z", "result": 1, "code": "SEC0007", "suite": "bp973rn69kf80n1rs780"}}, {"model": "sectests.sectest", "pk": 145, "fields": {"created": "2020-02-23T12:37:08.259Z", "modified": "2020-02-23T12:37:08.259Z", "result": 0, "code": "SEC0006", "suite": "bp973rn69kf80n1rs780"}}, {"model": "sectests.sectest", "pk": 146, "fields": {"created": "2020-02-23T12:37:08.259Z", "modified": "2020-02-23T12:37:08.259Z", "result": 1, "code": "SEC0001", "suite": "bp973rn69kf80n1rs780"}}, {"model": "sectests.sectest", "pk": 147, "fields": {"created": "2020-02-23T12:37:08.259Z", "modified": "2020-02-23T12:37:08.259Z", "result": 1, "code": "SEC0008", "suite": "bp973rn69kf80n1rs780"}}, {"model": "sectests.sectest", "pk": 148, "fields": {"created": "2020-02-23T12:37:08.259Z", "modified": "2020-02-23T12:37:08.259Z", "result": 1, "code": "SEC0004", "suite": "bp973rn69kf80n1rs780"}}, {"model": "sectests.sectest", "pk": 149, "fields": {"created": "2020-02-23T12:37:08.260Z", "modified": "2020-02-23T12:37:08.260Z", "result": 0, "code": "SEC0005", "suite": "bp973rn69kf80n1rs780"}}, {"model": "sectests.sectest", "pk": 150, "fields": {"created": "2020-02-23T12:42:43.687Z", "modified": "2020-02-23T12:42:43.687Z", "result": 1, "code": "SEC0004", "suite": "bp976fn69kfa53eumr2g"}}, {"model": "sectests.sectest", "pk": 151, "fields": {"created": "2020-02-23T12:42:43.687Z", "modified": "2020-02-23T12:42:43.687Z", "result": 1, "code": "SEC0009", "suite": "bp976fn69kfa53eumr2g"}}, {"model": "sectests.sectest", "pk": 152, "fields": {"created": "2020-02-23T12:42:43.687Z", "modified": "2020-02-23T12:42:43.687Z", "result": 1, "code": "SEC0002", "suite": "bp976fn69kfa53eumr2g"}}, {"model": "sectests.sectest", "pk": 153, "fields": {"created": "2020-02-23T12:42:43.687Z", "modified": "2020-02-23T12:42:43.687Z", "result": 0, "code": "SEC0006", "suite": "bp976fn69kfa53eumr2g"}}, {"model": "sectests.sectest", "pk": 154, "fields": {"created": "2020-02-23T12:42:43.687Z", "modified": "2020-02-23T12:42:43.687Z", "result": 0, "code": "SEC0005", "suite": "bp976fn69kfa53eumr2g"}}, {"model": "sectests.sectest", "pk": 155, "fields": {"created": "2020-02-23T12:42:43.687Z", "modified": "2020-02-23T12:42:43.687Z", "result": 1, "code": "SEC0007", "suite": "bp976fn69kfa53eumr2g"}}, {"model": "sectests.sectest", "pk": 156, "fields": {"created": "2020-02-23T12:42:43.688Z", "modified": "2020-02-23T12:42:43.688Z", "result": 1, "code": "SEC0008", "suite": "bp976fn69kfa53eumr2g"}}, {"model": "sectests.sectest", "pk": 157, "fields": {"created": "2020-02-23T12:42:43.688Z", "modified": "2020-02-23T12:42:43.688Z", "result": 1, "code": "SEC0001", "suite": "bp976fn69kfa53eumr2g"}}, {"model": "sectests.sectest", "pk": 158, "fields": {"created": "2020-02-23T12:42:43.689Z", "modified": "2020-02-23T12:42:43.689Z", "result": 1, "code": "SEC0003", "suite": "bp976fn69kfa53eumr2g"}}, {"model": "auth.permission", "pk": 1, "fields": {"name": "Can add permission", "content_type": 1, "codename": "add_permission"}}, {"model": "auth.permission", "pk": 2, "fields": {"name": "Can change permission", "content_type": 1, "codename": "change_permission"}}, {"model": "auth.permission", "pk": 3, "fields": {"name": "Can delete permission", "content_type": 1, "codename": "delete_permission"}}, {"model": "auth.permission", "pk": 4, "fields": {"name": "Can add group", "content_type": 2, "codename": "add_group"}}, {"model": "auth.permission", "pk": 5, "fields": {"name": "Can change group", "content_type": 2, "codename": "change_group"}}, {"model": "auth.permission", "pk": 6, "fields": {"name": "Can delete group", "content_type": 2, "codename": "delete_group"}}, {"model": "auth.permission", "pk": 7, "fields": {"name": "Can add content type", "content_type": 3, "codename": "add_contenttype"}}, {"model": "auth.permission", "pk": 8, "fields": {"name": "Can change content type", "content_type": 3, "codename": "change_contenttype"}}, {"model": "auth.permission", "pk": 9, "fields": {"name": "Can delete content type", "content_type": 3, "codename": "delete_contenttype"}}, {"model": "auth.permission", "pk": 10, "fields": {"name": "Can add session", "content_type": 4, "codename": "add_session"}}, {"model": "auth.permission", "pk": 11, "fields": {"name": "Can change session", "content_type": 4, "codename": "change_session"}}, {"model": "auth.permission", "pk": 12, "fields": {"name": "Can delete session", "content_type": 4, "codename": "delete_session"}}, {"model": "auth.permission", "pk": 13, "fields": {"name": "Can add site", "content_type": 5, "codename": "add_site"}}, {"model": "auth.permission", "pk": 14, "fields": {"name": "Can change site", "content_type": 5, "codename": "change_site"}}, {"model": "auth.permission", "pk": 15, "fields": {"name": "Can delete site", "content_type": 5, "codename": "delete_site"}}, {"model": "auth.permission", "pk": 16, "fields": {"name": "Can add log entry", "content_type": 6, "codename": "add_logentry"}}, {"model": "auth.permission", "pk": 17, "fields": {"name": "Can change log entry", "content_type": 6, "codename": "change_logentry"}}, {"model": "auth.permission", "pk": 18, "fields": {"name": "Can delete log entry", "content_type": 6, "codename": "delete_logentry"}}, {"model": "auth.permission", "pk": 19, "fields": {"name": "Can add email address", "content_type": 7, "codename": "add_emailaddress"}}, {"model": "auth.permission", "pk": 20, "fields": {"name": "Can change email address", "content_type": 7, "codename": "change_emailaddress"}}, {"model": "auth.permission", "pk": 21, "fields": {"name": "Can delete email address", "content_type": 7, "codename": "delete_emailaddress"}}, {"model": "auth.permission", "pk": 22, "fields": {"name": "Can add email confirmation", "content_type": 8, "codename": "add_emailconfirmation"}}, {"model": "auth.permission", "pk": 23, "fields": {"name": "Can change email confirmation", "content_type": 8, "codename": "change_emailconfirmation"}}, {"model": "auth.permission", "pk": 24, "fields": {"name": "Can delete email confirmation", "content_type": 8, "codename": "delete_emailconfirmation"}}, {"model": "auth.permission", "pk": 25, "fields": {"name": "Can add social account", "content_type": 9, "codename": "add_socialaccount"}}, {"model": "auth.permission", "pk": 26, "fields": {"name": "Can change social account", "content_type": 9, "codename": "change_socialaccount"}}, {"model": "auth.permission", "pk": 27, "fields": {"name": "Can delete social account", "content_type": 9, "codename": "delete_socialaccount"}}, {"model": "auth.permission", "pk": 28, "fields": {"name": "Can add social application", "content_type": 10, "codename": "add_socialapp"}}, {"model": "auth.permission", "pk": 29, "fields": {"name": "Can change social application", "content_type": 10, "codename": "change_socialapp"}}, {"model": "auth.permission", "pk": 30, "fields": {"name": "Can delete social application", "content_type": 10, "codename": "delete_socialapp"}}, {"model": "auth.permission", "pk": 31, "fields": {"name": "Can add social application token", "content_type": 11, "codename": "add_socialtoken"}}, {"model": "auth.permission", "pk": 32, "fields": {"name": "Can change social application token", "content_type": 11, "codename": "change_socialtoken"}}, {"model": "auth.permission", "pk": 33, "fields": {"name": "Can delete social application token", "content_type": 11, "codename": "delete_socialtoken"}}, {"model": "auth.permission", "pk": 34, "fields": {"name": "Can add Token", "content_type": 12, "codename": "add_token"}}, {"model": "auth.permission", "pk": 35, "fields": {"name": "Can change Token", "content_type": 12, "codename": "change_token"}}, {"model": "auth.permission", "pk": 36, "fields": {"name": "Can delete Token", "content_type": 12, "codename": "delete_token"}}, {"model": "auth.permission", "pk": 37, "fields": {"name": "Can add user", "content_type": 13, "codename": "add_user"}}, {"model": "auth.permission", "pk": 38, "fields": {"name": "Can change user", "content_type": 13, "codename": "change_user"}}, {"model": "auth.permission", "pk": 39, "fields": {"name": "Can delete user", "content_type": 13, "codename": "delete_user"}}, {"model": "auth.permission", "pk": 40, "fields": {"name": "Can add cli token", "content_type": 14, "codename": "add_clitoken"}}, {"model": "auth.permission", "pk": 41, "fields": {"name": "Can change cli token", "content_type": 14, "codename": "change_clitoken"}}, {"model": "auth.permission", "pk": 42, "fields": {"name": "Can delete cli token", "content_type": 14, "codename": "delete_clitoken"}}, {"model": "auth.permission", "pk": 43, "fields": {"name": "Can add sec test", "content_type": 15, "codename": "add_sectest"}}, {"model": "auth.permission", "pk": 44, "fields": {"name": "Can change sec test", "content_type": 15, "codename": "change_sectest"}}, {"model": "auth.permission", "pk": 45, "fields": {"name": "Can delete sec test", "content_type": 15, "codename": "delete_sectest"}}, {"model": "auth.permission", "pk": 46, "fields": {"name": "Can add sec test suite", "content_type": 16, "codename": "add_sectestsuite"}}, {"model": "auth.permission", "pk": 47, "fields": {"name": "Can change sec test suite", "content_type": 16, "codename": "change_sectestsuite"}}, {"model": "auth.permission", "pk": 48, "fields": {"name": "Can delete sec test suite", "content_type": 16, "codename": "delete_sectestsuite"}}, {"model": "auth.permission", "pk": 49, "fields": {"name": "Can add sec solution", "content_type": 17, "codename": "add_secsolution"}}, {"model": "auth.permission", "pk": 50, "fields": {"name": "Can change sec solution", "content_type": 17, "codename": "change_secsolution"}}, {"model": "auth.permission", "pk": 51, "fields": {"name": "Can delete sec solution", "content_type": 17, "codename": "delete_secsolution"}}, {"model": "auth.permission", "pk": 52, "fields": {"name": "Can add feedback", "content_type": 18, "codename": "add_feedback"}}, {"model": "auth.permission", "pk": 53, "fields": {"name": "Can change feedback", "content_type": 18, "codename": "change_feedback"}}, {"model": "auth.permission", "pk": 54, "fields": {"name": "Can delete feedback", "content_type": 18, "codename": "delete_feedback"}}, {"model": "users.user", "pk": "b798939a-e4a4-4200-ad67-49b4e67bdc62", "fields": {"password": "argon2$argon2i$v=19$m=512,t=2,p=2$SW1JOWFzU25xUWtt$48d5zwmeYdCi5GCxHkM/LQ", "last_login": "2020-02-25T18:50:10.998Z", "is_superuser": false, "username": "hidalgopl", "first_name": "Pawe\u0142", "last_name": "Bojanowski", "email": "pawebojanowski@gmail.com", "is_staff": false, "is_active": true, "date_joined": "2019-12-22T20:28:25.536Z", "name": "", "groups": [], "user_permissions": []}}, {"model": "users.user", "pk": "bd59c7d3-172e-4115-8c01-6c0e7a6eb7f6", "fields": {"password": "argon2$argon2i$v=19$m=512,t=2,p=2$YzExYlZtcHEyWTFq$gflUFRyfzr0RjJctfhxh3Q", "last_login": "2020-02-25T18:46:13.886Z", "is_superuser": true, "username": "admin", "first_name": "", "last_name": "", "email": "pbojanowski@protonmail.com", "is_staff": true, "is_active": true, "date_joined": "2019-12-22T20:27:05.136Z", "name": "", "groups": [], "user_permissions": []}}, {"model": "users.clitoken", "pk": 1, "fields": {"token": "Rx_Ba4MrY9CDkpyuf8oceXt2q9TVFy07YHnJ", "user": "b798939a-e4a4-4200-ad67-49b4e67bdc62"}}, {"model": "users.clitoken", "pk": 2, "fields": {"token": "Ib-8HzrV0NRV_zb2-bvy8Rq3mYDgW1p8XwtI", "user": "bd59c7d3-172e-4115-8c01-6c0e7a6eb7f6"}}, {"model": "sectests.sectestsuite", "pk": "bnvta9f69kfaeeiujdq0", "fields": {"created": "2019-12-22T20:42:19.599Z", "modified": "2019-12-22T20:42:19.599Z", "url": "https://krytykapolityczna.pl", "user": "b798939a-e4a4-4200-ad67-49b4e67bdc62"}}, {"model": "sectests.sectestsuite", "pk": "bnvtbhv69kfahh3dd5e0", "fields": {"created": "2019-12-22T20:45:00.754Z", "modified": "2019-12-22T20:45:00.754Z", "url": "https://forumcm.net", "user": "b798939a-e4a4-4200-ad67-49b4e67bdc62"}}, {"model": "sectests.sectestsuite", "pk": "bo1ve4v69kf8bsr6ug00", "fields": {"created": "2019-12-25T23:56:07.552Z", "modified": "2019-12-25T23:56:07.552Z", "url": "https://forumcm.net", "user": "b798939a-e4a4-4200-ad67-49b4e67bdc62"}}, {"model": "sectests.sectestsuite", "pk": "bo8gphf69kffoa5hl2t0", "fields": {"created": "2020-01-04T22:08:10.055Z", "modified": "2020-01-04T22:08:10.055Z", "url": "https://forumcm.net", "user": "b798939a-e4a4-4200-ad67-49b4e67bdc62"}}, {"model": "sectests.sectestsuite", "pk": "bo8gr8769kfcl26g4dig", "fields": {"created": "2020-01-04T22:11:49.082Z", "modified": "2020-01-04T22:11:49.082Z", "url": "https://forumcm.net", "user": "b798939a-e4a4-4200-ad67-49b4e67bdc62"}}, {"model": "sectests.sectestsuite", "pk": "bo8grfn69kfdjeuko3og", "fields": {"created": "2020-01-04T22:12:18.357Z", "modified": "2020-01-04T22:12:18.357Z", "url": "https://forumcm.net", "user": "b798939a-e4a4-4200-ad67-49b4e67bdc62"}}, {"model": "sectests.sectestsuite", "pk": "bo8gvef69kf87p6olbi0", "fields": {"created": "2020-01-04T22:20:45.761Z", "modified": "2020-01-04T22:20:45.761Z", "url": "https://forumcm.net", "user": "b798939a-e4a4-4200-ad67-49b4e67bdc62"}}, {"model": "sectests.sectestsuite", "pk": "bogap0f69kfafvh5lpag", "fields": {"created": "2020-01-16T18:33:42.175Z", "modified": "2020-01-16T18:33:42.175Z", "url": "https://forumcm.net", "user": "b798939a-e4a4-4200-ad67-49b4e67bdc62"}}, {"model": "sectests.sectestsuite", "pk": "bp83me769kffcqdmeb80", "fields": {"created": "2020-02-21T20:19:05.110Z", "modified": "2020-02-21T20:19:05.110Z", "url": "https://forumcm.net", "user": "b798939a-e4a4-4200-ad67-49b4e67bdc62"}}, {"model": "sectests.sectestsuite", "pk": "bp83nun69kf9aajoqusg", "fields": {"created": "2020-02-21T20:22:18.506Z", "modified": "2020-02-21T20:22:18.506Z", "url": "https://forumcm.net", "user": "b798939a-e4a4-4200-ad67-49b4e67bdc62"}}, {"model": "sectests.sectestsuite", "pk": "bp83p0769kfa3fp333s0", "fields": {"created": "2020-02-21T20:24:32.796Z", "modified": "2020-02-21T20:24:32.796Z", "url": "https://forumcm.net", "user": "b798939a-e4a4-4200-ad67-49b4e67bdc62"}}, {"model": "sectests.sectestsuite", "pk": "bp83pkv69kfaj78kmrq0", "fields": {"created": "2020-02-21T20:25:56.252Z", "modified": "2020-02-21T20:25:56.252Z", "url": "https://forumcm.net", "user": "b798939a-e4a4-4200-ad67-49b4e67bdc62"}}, {"model": "sectests.sectestsuite", "pk": "bp83rfv69kfbreicnp9g", "fields": {"created": "2020-02-21T20:29:52.387Z", "modified": "2020-02-21T20:29:52.387Z", "url": "https://forumcm.net", "user": "b798939a-e4a4-4200-ad67-49b4e67bdc62"}}, {"model": "sectests.sectestsuite", "pk": "bp83rln69kfc4oegmh6g", "fields": {"created": "2020-02-21T20:30:14.437Z", "modified": "2020-02-21T20:30:14.437Z", "url": "https://forumcm.net", "user": "b798939a-e4a4-4200-ad67-49b4e67bdc62"}}, {"model": "sectests.sectestsuite", "pk": "bp83rvf69kfcbg7mo150", "fields": {"created": "2020-02-21T20:30:54.456Z", "modified": "2020-02-21T20:30:54.456Z", "url": "https://forumcm.net", "user": "b798939a-e4a4-4200-ad67-49b4e67bdc62"}}, {"model": "sectests.sectestsuite", "pk": "bp83s5769kfckle87dug", "fields": {"created": "2020-02-21T20:31:16.912Z", "modified": "2020-02-21T20:31:16.912Z", "url": "https://forumcm.net", "user": "b798939a-e4a4-4200-ad67-49b4e67bdc62"}}, {"model": "sectests.sectestsuite", "pk": "bp83s9f69kfcgc97fik0", "fields": {"created": "2020-02-21T20:31:33.909Z", "modified": "2020-02-21T20:31:33.909Z", "url": "https://forumcm.net", "user": "b798939a-e4a4-4200-ad67-49b4e67bdc62"}}, {"model": "sectests.sectestsuite", "pk": "bp83vpv69kfffm1tt6eg", "fields": {"created": "2020-02-21T20:39:03.575Z", "modified": "2020-02-21T20:39:03.575Z", "url": "https://forumcm.net", "user": "b798939a-e4a4-4200-ad67-49b4e67bdc62"}}, {"model": "sectests.sectestsuite", "pk": "bp83vtn69kffdtvh7av0", "fields": {"created": "2020-02-21T20:39:19.006Z", "modified": "2020-02-21T20:39:19.006Z", "url": "https://forumcm.net", "user": "b798939a-e4a4-4200-ad67-49b4e67bdc62"}}, {"model": "sectests.sectestsuite", "pk": "bp84cv769kf8cr2pqnvg", "fields": {"created": "2020-02-21T21:07:09.607Z", "modified": "2020-02-21T21:07:09.607Z", "url": "https://forumcm.net", "user": "b798939a-e4a4-4200-ad67-49b4e67bdc62"}}, {"model": "sectests.sectestsuite", "pk": "bp84esn69kfan1ftrpig", "fields": {"created": "2020-02-21T21:11:15.244Z", "modified": "2020-02-21T21:11:15.244Z", "url": "https://forumcm.net", "user": "b798939a-e4a4-4200-ad67-49b4e67bdc62"}}, {"model": "sectests.sectestsuite", "pk": "bp84fen69kfar5r41s0g", "fields": {"created": "2020-02-21T21:12:27.520Z", "modified": "2020-02-21T21:12:27.520Z", "url": "https://forumcm.net", "user": "b798939a-e4a4-4200-ad67-49b4e67bdc62"}}, {"model": "sectests.sectestsuite", "pk": "bp973rn69kf80n1rs780", "fields": {"created": "2020-02-23T12:37:08.254Z", "modified": "2020-02-23T12:37:08.256Z", "url": "https://forumcm.net", "user": "b798939a-e4a4-4200-ad67-49b4e67bdc62"}}, {"model": "sectests.sectestsuite", "pk": "bp976fn69kfa53eumr2g", "fields": {"created": "2020-02-23T12:42:43.687Z", "modified": "2020-02-23T12:42:43.687Z", "url": "https://forumcm.net", "user": "b798939a-e4a4-4200-ad67-49b4e67bdc62"}}, {"model": "authtoken.token", "pk": "0776d2724f7046b28f85fae9aebd60b3cc57aa6d", "fields": {"user": "bd59c7d3-172e-4115-8c01-6c0e7a6eb7f6", "created": "2020-02-25T17:18:18.423Z"}}, {"model": "authtoken.token", "pk": "95ffbb41920cecb5f6013a17a4b895cb3089c167", "fields": {"user": "b798939a-e4a4-4200-ad67-49b4e67bdc62", "created": "2020-02-25T18:50:10.983Z"}}, {"model": "admin.logentry", "pk": 1, "fields": {"action_time": "2019-12-22T20:28:02.321Z", "user": "bd59c7d3-172e-4115-8c01-6c0e7a6eb7f6", "content_type": 10, "object_id": "1", "object_repr": "github", "action_flag": 1, "change_message": "[{\"added\": {}}]"}}, {"model": "admin.logentry", "pk": 2, "fields": {"action_time": "2019-12-25T23:48:54.556Z", "user": "bd59c7d3-172e-4115-8c01-6c0e7a6eb7f6", "content_type": 17, "object_id": "SEC#0004", "object_repr": "SEC#0004", "action_flag": 1, "change_message": "[{\"added\": {}}]"}}, {"model": "admin.logentry", "pk": 3, "fields": {"action_time": "2019-12-25T23:56:32.661Z", "user": "bd59c7d3-172e-4115-8c01-6c0e7a6eb7f6", "content_type": 17, "object_id": "SEC0004", "object_repr": "SEC0004", "action_flag": 2, "change_message": "[{\"changed\": {\"fields\": [\"code\"]}}]"}}, {"model": "admin.logentry", "pk": 4, "fields": {"action_time": "2019-12-25T23:59:35.568Z", "user": "bd59c7d3-172e-4115-8c01-6c0e7a6eb7f6", "content_type": 17, "object_id": "SEC#0004", "object_repr": "SEC#0004", "action_flag": 3, "change_message": ""}}]
